razao_social,cnpj
1AARON COMERCIO DE INSTALACOES COMERCIAIS E ESCRITORIO LTDA,07.816.912/0001-85
ARQUIMEDES AUTOMACAO E INFORMATICA LTDA,05.374.975/0001-01
DATEN TECNOLOGIA LTDA,04.602.789/0001-01
ENOQUE INFORMATICA LTDA,16.677.622/0001-99
FNGTECH INFORMATICA LTDA,62.933.319/0001-27
INFOPLAN TECNOLOGIA COMERCIO E SERVICOS LTDA,24.120.157/0001-19
LICITEI COMERCIO LTDA,62.461.036/0001-20
MAMUTH TECNOLOGIA DISTRIBUIDORA LTDA,57.601.436/0001-53
MASTERTEC TECNOLOGIA E SERVICOS ESPECIALIZADOS LTDA,01.177.978/0001-96
NEP SOLUCOES E INFORMATICA - COMERCIO E SERVICOS LTDA,17.215.437/0001-45
PAXIN SOLUCOES E TECNOLOGIA LTDA,32.149.829/0001-47
PRIMETECH INFORMATICA LTDA,03.812.745/0002-24
SIS CORP INFORMATICA LTDA,07.451.499/0001-00
SR TECNOLOGIA DA INFORMACAO LTDA,11.101.784/0001-60
SUPERCOMM S.A.,39.893.680/0001-55
SYSTECH SISTEMAS E TECNOLOGIA EM INFORMATICA LTDA,03.263.975/0005-24
TECZAP COMERCIO E DISTRIBUICAO LTDA,08.619.872/0001-44
