nome,tipo,categoria,fornecedor,numero_serie,chave_licenca,data_aquisicao,valor_compra,localizacao,data_source,erro_proposital
NOTEBOOK vision,HARDWARE,Notebook,FNGTECH INFORMATICA LTDA,CG-11592942-001,,2026-09-28,4400.00,,compras_gov,
NOTEBOOK Fe 16,HARDWARE,Notebook,FNGTECH INFORMATICA LTDA,CG-12268961-001,,2026-08-24,4850.00,,compras_gov,
NOTEBOOK acer,HARDWARE,Notebook,FNGTECH INFORMATICA LTDA,CG-12521598-001,,2026-08-03,3250.00,,compras_gov,
NOTEBOOK RENOMADA,HARDWARE,Notebook,LICITEI COMERCIO LTDA,CG-12584331-001,,2026-08-23,3340.00,,compras_gov,
NOTEBOOK Conforme referencia,HARDWARE,Notebook,64.956.713 IAGO BARROS NOOBLATH,CG-12600613-001,,2026-08-31,4989.90,,compras_gov,
NB,HARDWARE,Servidor,SYSTECH SISTEMAS E TECNOLOGIA EM INFORMATICA LTDA,CG-12637702-001,,2026-09-03,188225.00,,compras_gov,nome: nome com menos de 3 caracteres
NOTEBOOK RENOMADA,HARDWARE,Notebook,LICITEI COMERCIO LTDA,CG-12680533-001,,2026-08-26,3340.00,,compras_gov,
NOTEBOOK Lenovo/Lenovo,HARDWARE,Notebook,FNGTECH INFORMATICA LTDA,CG-12766067-001,,2026-07-01,6592.10,,compras_gov,
NOTEBOOK RENOMADA,HARDWARE,Notebook,LICITEI COMERCIO LTDA,CG-12803180-001,,2026-09-14,4340.00,,compras_gov,
NOTEBOOK RENOMADA,HARDWARE,Notebook,LICITEI COMERCIO LTDA,CG-12892684-001,,2026-09-21,3340.00,,compras_gov,
MICROCOMPUTADOR ARQUIMEDES CORPORATI,HARDWARE,Desktop,ARQUIMEDES AUTOMACAO E INFORMATICA LTDA,CG-9360614-001,,2026-09-14,5049.00,,compras_gov,
MICROCOMPUTADOR ARQUIMEDES CORPORATI,HARDWARE,Desktop,ARQUIMEDES AUTOMACAO E INFORMATICA LTDA,CG-9360615-001,,2026-09-14,5049.00,,compras_gov,
MICROCOMPUTADOR DC5A-U,HARDWARE,Desktop,DATEN TECNOLOGIA LTDA,CG-10778756-001,,2026-09-08,2967.00,,compras_gov,
MICROCOMPUTADOR NEP PC-I5-12G,HARDWARE,Desktop,NEP SOLUCOES E INFORMATICA - COMERCIO E SERVICOS LTDA,CG-11570910-001,,2026-09-22,2780.00,,compras_gov,
MICROCOMPUTADOR Arquimedes Corporati,HARDWARE,Desktop,ARQUIMEDES AUTOMACAO E INFORMATICA LTDA,CG-11570911-001,,2026-09-22,2850.00,,compras_gov,
MICROCOMPUTADOR ARQUIMEDES CORPORATI,HARDWARE,Desktop,ARQUIMEDES AUTOMACAO E INFORMATICA LTDA,CG-11748260-001,,2026-09-02,5398.00,,compras_gov,
SERVIDOR DATEN,PERIFERICO,Servidor,DATEN TECNOLOGIA LTDA,CG-12836392-001,,2026-08-17,135000.00,,compras_gov,tipo: tipo fora do domínio
MICROCOMPUTADOR ARQUIMEDES CORPORATI,HARDWARE,Desktop,ARQUIMEDES AUTOMACAO E INFORMATICA LTDA,CG-11748261-001,,2026-09-02,5398.00,,compras_gov,
MICROCOMPUTADOR Conforme referencia,HARDWARE,Desktop,64.956.713 IAGO BARROS NOOBLATH,CG-12600614-001,,2026-08-31,3995.10,,compras_gov,
MICROCOMPUTADOR gm info/gm info,HARDWARE,Desktop,FNGTECH INFORMATICA LTDA,CG-12653594-001,,2026-08-12,5310.00,,compras_gov,
MICROCOMPUTADOR DATEN,HARDWARE,Desktop,DATEN TECNOLOGIA LTDA,CG-12664818-001,,2026-08-06,8042.00,,compras_gov,
MICROCOMPUTADOR CONCÓRDIA,HARDWARE,Desktop,MASTERTEC TECNOLOGIA E SERVICOS ESPECIALIZADOS LTDA,CG-12679247-001,,2026-08-17,5030.01,,compras_gov,
MICROCOMPUTADOR POSITIVO,HARDWARE,Desktop,MASTERTEC TECNOLOGIA E SERVICOS ESPECIALIZADOS LTDA,CG-12734935-001,,2026-08-17,7098.91,,compras_gov,
MICROCOMPUTADOR gm info/gm info,HARDWARE,Desktop,FNGTECH INFORMATICA LTDA,CG-12747148-001,,2026-09-03,2865.00,,compras_gov,
MICROCOMPUTADOR DATEN,HARDWARE,Desktop,DATEN TECNOLOGIA LTDA,CG-12795397-001,,2026-09-22,6240.00,,compras_gov,
MICROCOMPUTADOR gm info / gm info,HARDWARE,Desktop,FNGTECH INFORMATICA LTDA,CG-12821563-001,,2026-07-22,6370.00,,compras_gov,
MICROCOMPUTADOR proprio / proprio,HARDWARE,Desktop,NEP SOLUCOES E INFORMATICA - COMERCIO E SERVICOS LTDA,CG-12836269-001,,2026-09-08,4900.00,,compras_gov,
MICROCOMPUTADOR ALL IN ONE ARQUIMEDES CORPORATI,HARDWARE,Desktop,ARQUIMEDES AUTOMACAO E INFORMATICA LTDA,CG-10236527-001,,2025-11-24,3170.00,,compras_gov,
MICROCOMPUTADOR ALL IN ONE Gminfo / Gminfo,HARDWARE,Desktop,FNGTECH INFORMATICA LTDA,CG-10271197-001,,2025-11-12,4567.97,,compras_gov,
SERVIDOR TECZAP,HARDWARE,Notebooks,TECZAP COMERCIO E DISTRIBUICAO LTDA,CG-12836393-001,,2026-08-17,205000.00,,compras_gov,categoria: categoria inexistente
MICROCOMPUTADOR ALL IN ONE DC5A-U,HARDWARE,Desktop,DATEN TECNOLOGIA LTDA,CG-10555050-001,,2025-12-22,4690.00,,compras_gov,
MICROCOMPUTADOR ALL IN ONE A24E99-05,HARDWARE,Desktop,MAMUTH TECNOLOGIA DISTRIBUIDORA LTDA,CG-11037226-001,,2026-05-06,5208.00,,compras_gov,
MICROCOMPUTADOR ALL IN ONE A24E99-05,HARDWARE,Desktop,MAMUTH TECNOLOGIA DISTRIBUIDORA LTDA,CG-11037271-001,,2026-05-06,4713.35,,compras_gov,
MICROCOMPUTADOR ALL IN ONE A24E99-05,HARDWARE,Desktop,MAMUTH TECNOLOGIA DISTRIBUIDORA LTDA,CG-11037279-001,,2026-05-06,4713.35,,compras_gov,
MICROCOMPUTADOR ALL IN ONE A24E99-05,HARDWARE,Desktop,MAMUTH TECNOLOGIA DISTRIBUIDORA LTDA,CG-11037322-001,,2026-05-06,4713.35,,compras_gov,
SERVIDOR TZ SUPER,HARDWARE,Servidor,TECZAP COMERCIO E DISTRIBUICAO LTDA,CG-10699788-001,,2026-04-02,93200.00,,compras_gov,
SERVIDOR TZ SUPER 9000,HARDWARE,Servidor,TECZAP COMERCIO E DISTRIBUICAO LTDA,CG-10699789-001,,2026-04-02,53000.00,,compras_gov,
SERVIDOR SR 650,HARDWARE,Servidor,PRIMETECH INFORMATICA LTDA,CG-11037232-001,,2026-05-06,23400.00,,compras_gov,
SERVIDOR SR 650,HARDWARE,Servidor,PRIMETECH INFORMATICA LTDA,CG-11037285-001,,2026-05-06,23300.00,,compras_gov,
SERVIDOR TZ SUPER 9000,HARDWARE,Servidor,TECZAP COMERCIO E DISTRIBUICAO LTDA,CG-11126849-001,,2026-05-06,31800.00,,compras_gov,
SERVIDOR TZ SUPER 9000,HARDWARE,Servidor,TECZAP COMERCIO E DISTRIBUICAO LTDA,CG-11126907-001,,2026-05-06,31800.00,,compras_gov,
SERVIDOR ARQUIMEDES CORPORATI,HARDWARE,Servidor,ARQUIMEDES AUTOMACAO E INFORMATICA LTDA,CG-11152760-001,,2026-05-26,18600.00,,compras_gov,
SERVIDOR HPE,HARDWARE,Servidor,PRIMETECH INFORMATICA LTDA,CG-11168996-001,,2026-03-11,39500.00,,compras_gov,
SERVIDOR DL380 Gen11,HARDWARE,Servidor,PRIMETECH INFORMATICA LTDA,CG-11402022-001,,2026-05-26,52100.00,,compras_gov,
SWITCH Fortinet,HARDWARE,Switch,MR COMPUTER INFORMATICA LTDA,CG-12787032-001,,2026-09-20,33700.00,,compras_gov,fornecedor: fornecedor não cadastrado
SERVIDOR TZ SUPER 9000,HARDWARE,Servidor,TECZAP COMERCIO E DISTRIBUICAO LTDA,CG-11529625-001,,2026-05-06,67414.00,,compras_gov,
SERVIDOR Dell PowerEdge T560,HARDWARE,Servidor,SYSTECH SISTEMAS E TECNOLOGIA EM INFORMATICA LTDA,CG-12135013-001,,2026-07-10,356000.00,,compras_gov,
SERVIDOR Dell PowerVault ME52,HARDWARE,Servidor,SYSTECH SISTEMAS E TECNOLOGIA EM INFORMATICA LTDA,CG-12135016-001,,2026-07-10,372400.00,,compras_gov,
SERVIDOR HPE DL380,HARDWARE,Servidor,64.343.195 GIOVANNA DO VALE LOPES ALVES SALES,CG-12166547-001,,2026-07-15,28999.00,,compras_gov,
SERVIDOR HPE,HARDWARE,Servidor,64.343.195 GIOVANNA DO VALE LOPES ALVES SALES,CG-12166558-001,,2026-07-15,28999.00,,compras_gov,
SERVIDOR HPE,HARDWARE,Servidor,64.343.195 GIOVANNA DO VALE LOPES ALVES SALES,CG-12166559-001,,2026-07-15,37000.00,,compras_gov,
SERVIDOR TS-855X-8G,HARDWARE,Servidor,PRIMETECH INFORMATICA LTDA,CG-12194700-001,,2026-09-01,13980.00,,compras_gov,
SERVIDOR LENOVO,HARDWARE,Servidor,64.343.195 GIOVANNA DO VALE LOPES ALVES SALES,CG-12207149-001,,2026-08-17,32000.00,,compras_gov,
SERVIDOR LENOVO,HARDWARE,Servidor,64.343.195 GIOVANNA DO VALE LOPES ALVES SALES,CG-12207150-001,,2026-08-17,32000.00,,compras_gov,
SERVIDOR TECZAP,HARDWARE,Servidor,TECZAP COMERCIO E DISTRIBUICAO LTDA,CG-12271114-001,,2026-07-27,20080.00,,compras_gov,
SERVIDOR HPE,HARDWARE,Servidor,TECZAP COMERCIO E DISTRIBUICAO LTDA,CG-12598222-001,,2026-09-01,158000.00,,compras_gov,
SWITCH INTELBRAS,HARDWARE,Switch,INFOPLAN TECNOLOGIA COMERCIO E SERVICOS LTDA,,,2026-08-31,1900.00,,compras_gov,numero_serie: HARDWARE sem número de série
SERVIDOR Lenovo,HARDWARE,Servidor,SYSTECH SISTEMAS E TECNOLOGIA EM INFORMATICA LTDA,CG-12637701-001,,2026-09-03,295865.00,,compras_gov,
MONITOR COMPUTADOR 24E3UF,HARDWARE,Monitor,MAMUTH TECNOLOGIA DISTRIBUIDORA LTDA,CG-12133356-001,,2026-08-26,1040.00,,compras_gov,
MONITOR COMPUTADOR DATEN,HARDWARE,Monitor,DATEN TECNOLOGIA LTDA,CG-12394301-001,,2026-09-25,826.90,,compras_gov,
MONITOR COMPUTADOR Conforme referencia,HARDWARE,Monitor,64.956.713 IAGO BARROS NOOBLATH,CG-12600615-001,,2026-08-31,500.00,,compras_gov,
MONITOR COMPUTADOR aoc/aoc,HARDWARE,Monitor,FNGTECH INFORMATICA LTDA,CG-12720856-001,,2026-09-03,974.00,,compras_gov,
MONITOR COMPUTADOR DATEN,HARDWARE,Monitor,DATEN TECNOLOGIA LTDA,CG-12795398-001,,2026-09-22,995.00,,compras_gov,
MONITOR COMPUTADOR DATEN,HARDWARE,Monitor,DATEN TECNOLOGIA LTDA,CG-12896723-001,,2026-09-10,715.00,,compras_gov,
SWITCH S2900-48T6X,HARDWARE,Switch,PAXIN SOLUCOES E TECNOLOGIA LTDA,CG-12302903-001,,2026-09-17,2499.00,,compras_gov,
SWITCH IRD-SW-16GN,HARDWARE,Switch,ENOQUE INFORMATICA LTDA,CG-12526799-001,,2026-09-01,850.00,,compras_gov,
SWITCH S2528-C,HARDWARE,Switch,PAXIN SOLUCOES E TECNOLOGIA LTDA,CG-12582818-001,,2026-09-14,1034.00,,compras_gov,
SWITCH S2528-C,HARDWARE,Switch,PAXIN SOLUCOES E TECNOLOGIA LTDA,CG-12582831-001,,2026-09-14,1099.00,,compras_gov,
SWITCH Conforme referencia,HARDWARE,Switch,64.956.713 IAGO BARROS NOOBLATH,CG-12600617-001,,2026-08-31,279.10,,compras_gov,
SWITCH INTELBRAS,HARDWARE,Switch,INFOPLAN TECNOLOGIA COMERCIO E SERVICOS LTDA,CG-12584331-001,,2026-08-31,1390.00,,compras_gov,numero_serie: número de série repetido no arquivo
SWITCH Conforme referencia,HARDWARE,Switch,64.956.713 IAGO BARROS NOOBLATH,CG-12600618-001,,2026-08-31,657.50,,compras_gov,
SWITCH TR,HARDWARE,Switch,ENOQUE INFORMATICA LTDA,CG-12601250-001,,2026-07-16,1225.00,,compras_gov,
SWITCH BDCOM,HARDWARE,Switch,PAXIN SOLUCOES E TECNOLOGIA LTDA,CG-12658286-001,,2026-09-08,3593.99,,compras_gov,
SWITCH Huawei,HARDWARE,Switch,SUPERCOMM S.A.,CG-12832487-001,,2026-08-11,18963.90,,compras_gov,
SWITCH Huawei,HARDWARE,Switch,SUPERCOMM S.A.,CG-12832488-001,,2026-08-11,26766.00,,compras_gov,
SWITCH Huawei,HARDWARE,Switch,SUPERCOMM S.A.,CG-12832489-001,,2026-08-11,28155.00,,compras_gov,
SWITCH Huawei,HARDWARE,Switch,SUPERCOMM S.A.,CG-12832490-001,,2026-08-11,5371.00,,compras_gov,
SWITCH Huawei,HARDWARE,Switch,SUPERCOMM S.A.,CG-12832491-001,,2026-08-11,7300.00,,compras_gov,
SWITCH INTELBRAS,HARDWARE,Switch,INFOPLAN TECNOLOGIA COMERCIO E SERVICOS LTDA,CG-12846444-001,,2026-08-31,1930.65,,compras_gov,
SWITCH INTELBRAS,HARDWARE,Switch,INFOPLAN TECNOLOGIA COMERCIO E SERVICOS LTDA,CG-12846458-001,,2026-08-31,1900.00,,compras_gov,
SWITCH INTELBRAS,HARDWARE,Switch,INFOPLAN TECNOLOGIA COMERCIO E SERVICOS LTDA,CG-12846465-001,,2026-08-31,1930.65,,compras_gov,
SWITCH INTELBRAS,HARDWARE,Switch,INFOPLAN TECNOLOGIA COMERCIO E SERVICOS LTDA,CG-12846472-001,,2026-08-31,1038.03,,compras_gov,
SWITCH TR,HARDWARE,Switch,ENOQUE INFORMATICA LTDA,CG-12857168-001,,2099-12-31,4200.00,,compras_gov,data_aquisicao: data futura
SWITCH INTELBRAS,HARDWARE,Switch,INFOPLAN TECNOLOGIA COMERCIO E SERVICOS LTDA,CG-12846479-001,,2026-08-31,1930.65,,compras_gov,
SWITCH INTELBRAS,HARDWARE,Switch,INFOPLAN TECNOLOGIA COMERCIO E SERVICOS LTDA,CG-12846486-001,,2026-08-31,1890.00,,compras_gov,
SWITCH INTELBRAS,HARDWARE,Switch,INFOPLAN TECNOLOGIA COMERCIO E SERVICOS LTDA,CG-12846493-001,,2026-08-31,1900.00,,compras_gov,
SWITCH INTELBRAS,HARDWARE,Switch,INFOPLAN TECNOLOGIA COMERCIO E SERVICOS LTDA,CG-12846500-001,,2026-08-31,1930.00,,compras_gov,
ROTEADOR TR,HARDWARE,Roteador,ENOQUE INFORMATICA LTDA,CG-10898417-001,,2026-04-14,650.00,,compras_gov,
ROTEADOR TR,HARDWARE,Roteador,ENOQUE INFORMATICA LTDA,CG-11448809-001,,2026-06-10,550.00,,compras_gov,
ROTEADOR TR,HARDWARE,Roteador,ENOQUE INFORMATICA LTDA,CG-11607007-001,,2026-06-24,450.00,,compras_gov,
ROTEADOR TR,HARDWARE,Roteador,ENOQUE INFORMATICA LTDA,CG-12283687-001,,2026-07-12,465.00,,compras_gov,
ROTEADOR Conforme referencia,HARDWARE,Roteador,64.956.713 IAGO BARROS NOOBLATH,CG-12600621-001,,2026-08-31,685.00,,compras_gov,
IMPRESSORA MONOCROMÁTICA Brother / Brother,HARDWARE,Impressora,NEP SOLUCOES E INFORMATICA - COMERCIO E SERVICOS LTDA,CG-8867874-001,,2025-07-19,2290.00,,compras_gov,
"TABLET Air 2025 128GB 11""",HARDWARE,Tablet,MASTERTEC TECNOLOGIA E SERVICOS ESPECIALIZADOS LTDA,CG-11585505-001,,2026-05-22,5200.00,,compras_gov,
TABLET Galaxy Tab A9+,HARDWARE,Tablet,MASTERTEC TECNOLOGIA E SERVICOS ESPECIALIZADOS LTDA,CG-11585506-001,,2026-05-22,1254.42,,compras_gov,
SERVIDOR TECZAP,HARDWARE,Servidor,TECZAP COMERCIO E DISTRIBUICAO LTDA,CG-12874332-001,,2026-08-31,0,,compras_gov,valor_compra: valor zero
TABLET Galaxy Tab A9+,HARDWARE,Tablet,MASTERTEC TECNOLOGIA E SERVICOS ESPECIALIZADOS LTDA,CG-11585518-001,,2026-05-22,1254.42,,compras_gov,
TABLET Vaio/Vaio,HARDWARE,Tablet,FNGTECH INFORMATICA LTDA,CG-12234466-001,,2026-07-22,3281.20,,compras_gov,
TABLET RENOMADA,HARDWARE,Tablet,LICITEI COMERCIO LTDA,CG-12413209-001,,2026-07-15,1975.00,,compras_gov,
TABLET RENOMADA,HARDWARE,Tablet,LICITEI COMERCIO LTDA,CG-12733956-001,,2026-08-31,2590.00,,compras_gov,
