id_item_compra,pdm,nome_pdm,categoria,nome,marca,fornecedor_cnpj,data_compra,preco_unitario
1398015,15287,IMPRESSORA MONOCROMÁTICA,Impressora,IMPRESSORA MONOCROMÁTICA Própria,Própria,11903685000100,2022-09-22,1558.00
2206337,15287,IMPRESSORA MONOCROMÁTICA,Impressora,IMPRESSORA MONOCROMÁTICA HP,HP,08467496000110,2023-01-26,1870.00
2451719,15287,IMPRESSORA MONOCROMÁTICA,Impressora,IMPRESSORA MONOCROMÁTICA Epson,Epson,41541211000119,2023-03-17,2090.00
2732155,15287,IMPRESSORA MONOCROMÁTICA,Impressora,IMPRESSORA MONOCROMÁTICA BROTHER,BROTHER,44352658000138,2023-05-02,1092.00
3499304,15287,IMPRESSORA MONOCROMÁTICA,Impressora,IMPRESSORA MONOCROMÁTICA HP,HP,65149197000251,2023-09-01,2100.00
3538900,15287,IMPRESSORA MONOCROMÁTICA,Impressora,IMPRESSORA MONOCROMÁTICA BROTHER,BROTHER,10918347000252,2023-09-19,978.00
3538902,15287,IMPRESSORA MONOCROMÁTICA,Impressora,IMPRESSORA MONOCROMÁTICA HP,HP,65149197000251,2023-09-19,2949.00
3749182,15287,IMPRESSORA MONOCROMÁTICA,Impressora,IMPRESSORA MONOCROMÁTICA LEXMARK,LEXMARK,56215999001384,2023-10-16,2290.00
5065011,15287,IMPRESSORA MONOCROMÁTICA,Impressora,IMPRESSORA MONOCROMÁTICA BROTHER HL1212W,BROTHER HL1212W,52087237000155,2024-05-23,998.00
5483005,237,ROTEADOR,Roteador,ROTEADOR conforme edital,conforme edital,53365739000163,2026-01-15,2871.40
5483085,237,ROTEADOR,Roteador,ROTEADOR ROTEADOR,ROTEADOR,28521211000199,2026-01-15,1500.00
5483086,237,ROTEADOR,Roteador,ROTEADOR ROTEADOR,ROTEADOR,28521211000199,2026-01-15,4000.00
5483099,237,ROTEADOR,Roteador,ROTEADOR conforme edital,conforme edital,53365739000163,2026-01-15,2940.00
5483100,237,ROTEADOR,Roteador,ROTEADOR conforme edital,conforme edital,53365739000163,2026-01-15,1119.12
5932130,237,ROTEADOR,Roteador,ROTEADOR conforme edital,conforme edital,53365739000163,2026-01-15,1199.99
5932310,237,ROTEADOR,Roteador,ROTEADOR Mikrotik cloud core,Mikrotik cloud core,44961146000179,2026-01-15,3430.00
6041282,237,ROTEADOR,Roteador,ROTEADOR MIKTORIK RB3011,MIKTORIK RB3011,52087237000155,2026-01-15,2420.00
6083236,6484,MICROCOMPUTADOR ALL IN ONE,Desktop,"MICROCOMPUTADOR ALL IN ONE ALL IN ONE 21,5","ALL IN ONE 21,5",55245731000199,2026-03-31,3899.00
7371138,15287,IMPRESSORA MONOCROMÁTICA,Impressora,IMPRESSORA MONOCROMÁTICA Epson M2120,Epson M2120,09246989000192,2025-02-24,1490.00
7645673,6484,MICROCOMPUTADOR ALL IN ONE,Desktop,MICROCOMPUTADOR ALL IN ONE GRASEP,GRASEP,49350579000101,2025-09-29,3890.00
7861272,6484,MICROCOMPUTADOR ALL IN ONE,Desktop,MICROCOMPUTADOR ALL IN ONE IT-EXPERT (IT-0409D0,IT-EXPERT (IT-0409D0,32084616000184,2025-10-10,2299.00
7861532,6484,MICROCOMPUTADOR ALL IN ONE,Desktop,MICROCOMPUTADOR ALL IN ONE CenterTech,CenterTech,09246989000192,2025-10-10,3255.00
8527935,15287,IMPRESSORA MONOCROMÁTICA,Impressora,IMPRESSORA MONOCROMÁTICA HP,HP,23539439000192,2025-06-13,1650.00
8867874,15287,IMPRESSORA MONOCROMÁTICA,Impressora,IMPRESSORA MONOCROMÁTICA Brother / Brother,Brother / Brother,17215437000145,2025-07-19,2290.00
8887914,6484,MICROCOMPUTADOR ALL IN ONE,Desktop,MICROCOMPUTADOR ALL IN ONE POSITIVO,POSITIVO,13940469000152,2025-10-02,5390.00
9235161,6484,MICROCOMPUTADOR ALL IN ONE,Desktop,MICROCOMPUTADOR ALL IN ONE CASS-PC,CASS-PC,52593051000178,2025-11-24,2500.00
9235162,6484,MICROCOMPUTADOR ALL IN ONE,Desktop,MICROCOMPUTADOR ALL IN ONE PREMIUM II,PREMIUM II,13266239000150,2025-11-24,3702.00
9337621,6484,MICROCOMPUTADOR ALL IN ONE,Desktop,MICROCOMPUTADOR ALL IN ONE Archilla,Archilla,58733880000195,2025-09-03,3459.86
9360612,6661,MICROCOMPUTADOR,Desktop,MICROCOMPUTADOR R1,R1,42923049000247,2026-09-14,4730.00
9360613,6661,MICROCOMPUTADOR,Desktop,MICROCOMPUTADOR R1,R1,42923049000247,2026-09-14,4730.00
9360614,6661,MICROCOMPUTADOR,Desktop,MICROCOMPUTADOR ARQUIMEDES CORPORATI,ARQUIMEDES CORPORATI,05374975000101,2026-09-14,5049.00
9360615,6661,MICROCOMPUTADOR,Desktop,MICROCOMPUTADOR ARQUIMEDES CORPORATI,ARQUIMEDES CORPORATI,05374975000101,2026-09-14,5049.00
9360623,8435,NOTEBOOK,Notebook,NOTEBOOK Aspire,Aspire,11195926000104,2026-09-14,3315.86
9360625,5522,SWITCH,Switch,SWITCH CONFORME TR,CONFORME TR,59241301000150,2026-09-14,16100.00
9360626,5522,SWITCH,Switch,SWITCH CONFORME TR,CONFORME TR,59241301000150,2026-09-14,16100.00
9360629,5522,SWITCH,Switch,SWITCH CONFORME TR,CONFORME TR,05795607000129,2026-09-14,30300.00
9360630,5522,SWITCH,Switch,SWITCH CONFORME TR,CONFORME TR,59241301000150,2026-09-14,28570.00
9507042,6484,MICROCOMPUTADOR ALL IN ONE,Desktop,MICROCOMPUTADOR ALL IN ONE INTEL I5-11400F,INTEL I5-11400F,50986670000105,2025-11-24,2495.00
9507043,6484,MICROCOMPUTADOR ALL IN ONE,Desktop,MICROCOMPUTADOR ALL IN ONE INTEL CORE I3-12100F,INTEL CORE I3-12100F,50986670000105,2025-11-24,2178.00
9507044,6484,MICROCOMPUTADOR ALL IN ONE,Desktop,MICROCOMPUTADOR ALL IN ONE PC-Krypto,PC-Krypto,08792763000124,2025-11-24,2699.00
9688072,8435,NOTEBOOK,Notebook,NOTEBOOK THINKBOOK,THINKBOOK,31872648000181,2026-08-21,7120.00
10030867,6484,MICROCOMPUTADOR ALL IN ONE,Desktop,MICROCOMPUTADOR ALL IN ONE EI / IEI / PC / PPC2,EI / IEI / PC / PPC2,15838111000149,2025-11-04,19990.00
10030868,6484,MICROCOMPUTADOR ALL IN ONE,Desktop,MICROCOMPUTADOR ALL IN ONE IEI / IEI / PC / PPC,IEI / IEI / PC / PPC,15838111000149,2025-11-04,19990.00
10067996,10293,SERVIDOR,Servidor,SERVIDOR As6706T,As6706T,49914615000112,2026-02-25,10490.00
10111168,237,ROTEADOR,Roteador,ROTEADOR Switch HPE Aruba IOn,Switch HPE Aruba IOn,46006799000124,2026-01-07,1495.05
10140792,6484,MICROCOMPUTADOR ALL IN ONE,Desktop,MICROCOMPUTADOR ALL IN ONE brazil pc,brazil pc,48040995000140,2025-09-24,2643.00
10175138,6484,MICROCOMPUTADOR ALL IN ONE,Desktop,MICROCOMPUTADOR ALL IN ONE DELL,DELL,38732826000118,2025-11-04,5851.70
10231950,237,ROTEADOR,Roteador,ROTEADOR LAN/SEM FIO,LAN/SEM FIO,33629177000100,2026-01-08,192.00
10236527,6484,MICROCOMPUTADOR ALL IN ONE,Desktop,MICROCOMPUTADOR ALL IN ONE ARQUIMEDES CORPORATI,ARQUIMEDES CORPORATI,05374975000101,2025-11-24,3170.00
10249515,6484,MICROCOMPUTADOR ALL IN ONE,Desktop,MICROCOMPUTADOR ALL IN ONE Apple iMac M4 512GB,Apple iMac M4 512GB,54419299000142,2025-11-11,15620.00
10253565,19246,TABLET,Tablet,TABLET CM10500 Plus 1TB 10.,CM10500 Plus 1TB 10.,37550502000104,2026-09-23,1098.00
10259280,10293,SERVIDOR,Servidor,SERVIDOR DS1825+,DS1825+,06012469000127,2026-09-30,17770.00
10271129,6484,MICROCOMPUTADOR ALL IN ONE,Desktop,MICROCOMPUTADOR ALL IN ONE Microcomputador All In One,Microcomputador All In One,57523900000130,2025-11-18,3004.68
10271197,6484,MICROCOMPUTADOR ALL IN ONE,Desktop,MICROCOMPUTADOR ALL IN ONE Gminfo / Gminfo,Gminfo / Gminfo,62933319000127,2025-11-12,4567.97
10325012,6484,MICROCOMPUTADOR ALL IN ONE,Desktop,MICROCOMPUTADOR ALL IN ONE conforme tr,conforme tr,47603710000250,2026-07-09,18884.00
10325017,10293,SERVIDOR,Servidor,SERVIDOR SERVIDOR,SERVIDOR,48199907000158,2026-07-09,26853.00
10325018,10293,SERVIDOR,Servidor,SERVIDOR SERVIDOR,SERVIDOR,48199907000158,2026-07-09,26853.00
10354776,6484,MICROCOMPUTADOR ALL IN ONE,Desktop,MICROCOMPUTADOR ALL IN ONE goldentec,goldentec,35080400000139,2025-11-24,3000.00
10398256,10293,SERVIDOR,Servidor,SERVIDOR FUSION SERVER 2288H,FUSION SERVER 2288H,06012469000127,2026-04-10,149786.00
10426769,237,ROTEADOR,Roteador,ROTEADOR WIFI AP EAP110,WIFI AP EAP110,49490183000160,2026-01-02,568.00
10452023,6484,MICROCOMPUTADOR ALL IN ONE,Desktop,MICROCOMPUTADOR ALL IN ONE,.,05293074000187,2025-12-10,15615.00
10483699,15287,IMPRESSORA MONOCROMÁTICA,Impressora,IMPRESSORA MONOCROMÁTICA Brother,Brother,48855116000139,2025-12-14,3048.00
10529996,6484,MICROCOMPUTADOR ALL IN ONE,Desktop,MICROCOMPUTADOR ALL IN ONE DELL,DELL,13729630000143,2025-12-18,8610.00
10532888,6484,MICROCOMPUTADOR ALL IN ONE,Desktop,MICROCOMPUTADOR ALL IN ONE Microcomputador,Microcomputador,40265132000160,2025-11-12,2679.51
10540343,6484,MICROCOMPUTADOR ALL IN ONE,Desktop,MICROCOMPUTADOR ALL IN ONE All in One Arc 24,All in One Arc 24,45687323000133,2026-01-26,6135.26
10555050,6484,MICROCOMPUTADOR ALL IN ONE,Desktop,MICROCOMPUTADOR ALL IN ONE DC5A-U,DC5A-U,04602789000101,2025-12-22,4690.00
10583747,6484,MICROCOMPUTADOR ALL IN ONE,Desktop,MICROCOMPUTADOR ALL IN ONE apple,apple,44420375000186,2025-12-16,13652.40
10583748,6484,MICROCOMPUTADOR ALL IN ONE,Desktop,MICROCOMPUTADOR ALL IN ONE APPLE,APPLE,27120037000100,2025-12-16,17500.00
10699788,10293,SERVIDOR,Servidor,SERVIDOR TZ SUPER,TZ SUPER,08619872000144,2026-04-02,93200.00
10699789,10293,SERVIDOR,Servidor,SERVIDOR TZ SUPER 9000,TZ SUPER 9000,08619872000144,2026-04-02,53000.00
10718368,10293,SERVIDOR,Servidor,SERVIDOR HP,HP,18387904000187,2026-03-17,315880.00
10744198,5522,SWITCH,Switch,SWITCH Switch,Switch,23734075000100,2026-09-24,750.00
10775925,237,ROTEADOR,Roteador,ROTEADOR DUAL BAND,DUAL BAND,30375386000187,2026-02-06,299.00
10775926,237,ROTEADOR,Roteador,ROTEADOR DUAL BAND,DUAL BAND,30375386000187,2026-02-06,275.00
10777487,237,ROTEADOR,Roteador,ROTEADOR Diversos,Diversos,42527586000197,2026-01-18,177.01
10778756,6661,MICROCOMPUTADOR,Desktop,MICROCOMPUTADOR DC5A-U,DC5A-U,04602789000101,2026-09-08,2967.00
10797570,237,ROTEADOR,Roteador,ROTEADOR MIKROTIK,MIKROTIK,27975551000399,2026-01-28,2333.92
10824875,237,ROTEADOR,Roteador,ROTEADOR Roteador Tp-link Ex5,Roteador Tp-link Ex5,62517178000161,2026-03-02,194.00
10830576,6669,MONITOR COMPUTADOR,Monitor,MONITOR COMPUTADOR U27P2,U27P2,03619767000515,2026-08-19,1218.00
10898417,237,ROTEADOR,Roteador,ROTEADOR TR,TR,16677622000199,2026-04-14,650.00
10899921,237,ROTEADOR,Roteador,ROTEADOR ARCHER C6 AC1300,ARCHER C6 AC1300,04567265000127,2026-03-04,231.24
10925731,237,ROTEADOR,Roteador,ROTEADOR Mesh System DVB4452G,Mesh System DVB4452G,57377991000143,2026-02-18,193.04
10971190,10293,SERVIDOR,Servidor,SERVIDOR R260 BCC,R260 BCC,22912533000182,2026-02-24,38999.00
11004370,237,ROTEADOR,Roteador,ROTEADOR U7-Pro,U7-Pro,45687323000133,2026-04-02,1500.81
11014640,10293,SERVIDOR,Servidor,SERVIDOR DL380,DL380,45687323000133,2026-03-16,74706.60
11018065,10293,SERVIDOR,Servidor,SERVIDOR Dell,Dell,50559576000161,2026-02-22,18740.00
11033881,6669,MONITOR COMPUTADOR,Monitor,MONITOR COMPUTADOR 24B1U5301H,24B1U5301H,03619767000515,2026-08-19,1215.00
11037226,6484,MICROCOMPUTADOR ALL IN ONE,Desktop,MICROCOMPUTADOR ALL IN ONE A24E99-05,A24E99-05,57601436000153,2026-05-06,5208.00
11037232,10293,SERVIDOR,Servidor,SERVIDOR SR 650,SR 650,03812745000224,2026-05-06,23400.00
11037271,6484,MICROCOMPUTADOR ALL IN ONE,Desktop,MICROCOMPUTADOR ALL IN ONE A24E99-05,A24E99-05,57601436000153,2026-05-06,4713.35
11037279,6484,MICROCOMPUTADOR ALL IN ONE,Desktop,MICROCOMPUTADOR ALL IN ONE A24E99-05,A24E99-05,57601436000153,2026-05-06,4713.35
11037285,10293,SERVIDOR,Servidor,SERVIDOR SR 650,SR 650,03812745000224,2026-05-06,23300.00
11037322,6484,MICROCOMPUTADOR ALL IN ONE,Desktop,MICROCOMPUTADOR ALL IN ONE A24E99-05,A24E99-05,57601436000153,2026-05-06,4713.35
11042967,15287,IMPRESSORA MONOCROMÁTICA,Impressora,IMPRESSORA MONOCROMÁTICA ml,ml,55261686000166,2026-01-22,5000.00
11126849,10293,SERVIDOR,Servidor,SERVIDOR TZ SUPER 9000,TZ SUPER 9000,08619872000144,2026-05-06,31800.00
11126907,10293,SERVIDOR,Servidor,SERVIDOR TZ SUPER 9000,TZ SUPER 9000,08619872000144,2026-05-06,31800.00
11150124,10293,SERVIDOR,Servidor,SERVIDOR 2288H V7,2288H V7,11101784000160,2026-03-30,118390.00
11150125,10293,SERVIDOR,Servidor,SERVIDOR 2288H V7,2288H V7,11101784000160,2026-03-30,118390.00
11150126,10293,SERVIDOR,Servidor,SERVIDOR DL20 Gen11,DL20 Gen11,41316967000164,2026-03-30,12137.10
11150127,10293,SERVIDOR,Servidor,SERVIDOR DL20 Gen11,DL20 Gen11,41316967000164,2026-03-30,12137.10
11150128,10293,SERVIDOR,Servidor,SERVIDOR Servidor Tipo: Torre,Servidor Tipo: Torre,49264057000197,2026-03-30,10986.80
11150129,10293,SERVIDOR,Servidor,SERVIDOR Servidor Tipo: Torre,Servidor Tipo: Torre,49264057000197,2026-03-30,10986.80
11152760,10293,SERVIDOR,Servidor,SERVIDOR ARQUIMEDES CORPORATI,ARQUIMEDES CORPORATI,05374975000101,2026-05-26,18600.00
11168472,6484,MICROCOMPUTADOR ALL IN ONE,Desktop,MICROCOMPUTADOR ALL IN ONE apple,apple,44420375000186,2026-03-11,14490.00
11168996,10293,SERVIDOR,Servidor,SERVIDOR HPE,HPE,03812745000224,2026-03-11,39500.00
11291345,10293,SERVIDOR,Servidor,SERVIDOR FlashSystem 5045 SFF,FlashSystem 5045 SFF,06012469000127,2026-04-07,220500.00
11304693,10293,SERVIDOR,Servidor,SERVIDOR APIC-SERVER-G5 / ND-,APIC-SERVER-G5 / ND-,04892991000115,2026-04-08,570887.00
11325219,10293,SERVIDOR,Servidor,SERVIDOR NUTANIX,NUTANIX,07268152000461,2026-04-09,475037.00
11325220,10293,SERVIDOR,Servidor,SERVIDOR NUTANIX,NUTANIX,07268152000461,2026-04-09,204183.00
11325221,10293,SERVIDOR,Servidor,SERVIDOR EXTREME,EXTREME,07268152000461,2026-04-09,131177.00
11327102,6484,MICROCOMPUTADOR ALL IN ONE,Desktop,MICROCOMPUTADOR ALL IN ONE dell,dell,59648072000192,2026-04-09,6178.00
11342820,6484,MICROCOMPUTADOR ALL IN ONE,Desktop,MICROCOMPUTADOR ALL IN ONE Microcomputador,Microcomputador,40265132000160,2026-03-31,3888.99
11402022,10293,SERVIDOR,Servidor,SERVIDOR DL380 Gen11,DL380 Gen11,03812745000224,2026-05-26,52100.00
11434531,237,ROTEADOR,Roteador,ROTEADOR MERCURYS,MERCURYS,20758543000180,2026-04-22,299.00
11442996,19246,TABLET,Tablet,TABLET Tablet,Tablet,57991151000176,2026-05-27,1794.99
11448809,237,ROTEADOR,Roteador,ROTEADOR TR,TR,16677622000199,2026-06-10,550.00
11521262,10293,SERVIDOR,Servidor,SERVIDOR LENOVO,LENOVO,29782551000136,2026-05-05,435500.00
11529625,10293,SERVIDOR,Servidor,SERVIDOR TZ SUPER 9000,TZ SUPER 9000,08619872000144,2026-05-06,67414.00
11531014,237,ROTEADOR,Roteador,ROTEADOR DECO X55 1-PACK WHOL,DECO X55 1-PACK WHOL,04567265000127,2026-06-01,464.36
11531016,237,ROTEADOR,Roteador,ROTEADOR ARCHER AX73 AX5400,ARCHER AX73 AX5400,04567265000127,2026-06-01,730.60
11570909,5522,SWITCH,Switch,SWITCH Cisco C9200L-24P-4G-,Cisco C9200L-24P-4G-,26786305000164,2026-09-22,12910.00
11570910,6661,MICROCOMPUTADOR,Desktop,MICROCOMPUTADOR NEP PC-I5-12G,NEP PC-I5-12G,17215437000145,2026-09-22,2780.00
11570911,6661,MICROCOMPUTADOR,Desktop,MICROCOMPUTADOR Arquimedes Corporati,Arquimedes Corporati,05374975000101,2026-09-22,2850.00
11570912,6669,MONITOR COMPUTADOR,Monitor,MONITOR COMPUTADOR tr,tr,46959368000182,2026-09-22,450.88
11570923,10293,SERVIDOR,Servidor,SERVIDOR Conforme TR,Conforme TR,47603710000250,2026-09-22,29200.00
11570925,8435,NOTEBOOK,Notebook,NOTEBOOK conforme especificaç,conforme especificaç,44273617000156,2026-09-22,4164.74
11574700,6669,MONITOR COMPUTADOR,Monitor,MONITOR COMPUTADOR 24HQ-LED,24HQ-LED,39581101000139,2026-09-08,480.00
11574732,6669,MONITOR COMPUTADOR,Monitor,MONITOR COMPUTADOR Monitor Computador,Monitor Computador,24602765000160,2026-09-08,680.00
11574743,5522,SWITCH,Switch,SWITCH SG3828,SG3828,28902168000101,2026-09-08,1646.00
11585495,6484,MICROCOMPUTADOR ALL IN ONE,Desktop,MICROCOMPUTADOR ALL IN ONE Dell 27 All-in-One,Dell 27 All-in-One,26930358000107,2026-05-22,15000.00
11585505,19246,TABLET,Tablet,"TABLET Air 2025 128GB 11""","Air 2025 128GB 11""",01177978000196,2026-05-22,5200.00
11585506,19246,TABLET,Tablet,TABLET Galaxy Tab A9+,Galaxy Tab A9+,01177978000196,2026-05-22,1254.42
11585515,6484,MICROCOMPUTADOR ALL IN ONE,Desktop,MICROCOMPUTADOR ALL IN ONE Dell 27 All-in-One,Dell 27 All-in-One,26930358000107,2026-05-22,15000.00
11585518,19246,TABLET,Tablet,TABLET Galaxy Tab A9+,Galaxy Tab A9+,01177978000196,2026-05-22,1254.42
11592942,8435,NOTEBOOK,Notebook,NOTEBOOK vision,vision,62933319000127,2026-09-28,4400.00
11607007,237,ROTEADOR,Roteador,ROTEADOR TR,TR,16677622000199,2026-06-24,450.00
11611121,10293,SERVIDOR,Servidor,SERVIDOR Conforme TR,Conforme TR,63002429000138,2026-04-16,11760.00
11611832,237,ROTEADOR,Roteador,ROTEADOR conforme trconforme tr,conforme trconforme tr,58573839000280,2026-03-26,234.99
11612650,6484,MICROCOMPUTADOR ALL IN ONE,Desktop,MICROCOMPUTADOR ALL IN ONE LENOVO/HP/LG/SAMSUNG,LENOVO/HP/LG/SAMSUNG,46722384000157,2026-05-14,3081.00
11632300,10293,SERVIDOR,Servidor,SERVIDOR SYS-621C-TN12R,SYS-621C-TN12R,05455684000130,2026-05-15,281220.00
11644059,5522,SWITCH,Switch,SWITCH G3328F,G3328F,30870178000154,2026-09-08,1683.73
11656195,10293,SERVIDOR,Servidor,SERVIDOR HP Z2 TWR G1i,HP Z2 TWR G1i,02213325000501,2026-05-19,32184.00
11656197,10293,SERVIDOR,Servidor,SERVIDOR ThinkSystem SR650 V4,ThinkSystem SR650 V4,01425676000351,2026-05-19,187000.00
11656198,10293,SERVIDOR,Servidor,SERVIDOR ThinkSystem SR650 V4,ThinkSystem SR650 V4,01425676000351,2026-05-19,247000.00
11693974,237,ROTEADOR,Roteador,ROTEADOR XXXXXXXXXXXXXX,XXXXXXXXXXXXXX,06062128000166,2026-05-20,5171.00
11705773,10293,SERVIDOR,Servidor,SERVIDOR LENOVO,LENOVO,28055727000195,2026-05-14,26000.00
11737813,6484,MICROCOMPUTADOR ALL IN ONE,Desktop,MICROCOMPUTADOR ALL IN ONE Conforme TR,Conforme TR,63002429000138,2026-05-14,13699.00
11748260,6661,MICROCOMPUTADOR,Desktop,MICROCOMPUTADOR ARQUIMEDES CORPORATI,ARQUIMEDES CORPORATI,05374975000101,2026-09-02,5398.00
11748261,6661,MICROCOMPUTADOR,Desktop,MICROCOMPUTADOR ARQUIMEDES CORPORATI,ARQUIMEDES CORPORATI,05374975000101,2026-09-02,5398.00
11771689,6484,MICROCOMPUTADOR ALL IN ONE,Desktop,MICROCOMPUTADOR ALL IN ONE Strong Tech,Strong Tech,50056441000183,2026-06-15,3900.00
11776264,237,ROTEADOR,Roteador,ROTEADOR AX3S,AX3S,10635333000140,2026-06-23,398.00
11792103,19246,TABLET,Tablet,TABLET LENOVO,LENOVO,47707198000101,2026-05-31,3200.00
11827087,237,ROTEADOR,Roteador,ROTEADOR ROTEADOR WI-FI MIKROTIC hAP RB962UiGS-5HacT2HnT,ROTEADOR WI-FI MIKROTIC hAP RB962UiGS-5HacT2HnT,29205640000110,2026-06-02,2229.22
11881069,5522,SWITCH,Switch,SWITCH S310-48T4X,S310-48T4X,48811116000137,2026-09-02,3277.61
11890671,6661,MICROCOMPUTADOR,Desktop,MICROCOMPUTADOR CASS-PC,CASS-PC,02596872000190,2026-09-02,4500.00
11890717,5522,SWITCH,Switch,SWITCH Dell S4148F-ON,Dell S4148F-ON,26786305000164,2026-09-02,20900.00
11890724,6669,MONITOR COMPUTADOR,Monitor,MONITOR COMPUTADOR office,office,65248526000130,2026-09-02,575.00
11955473,5522,SWITCH,Switch,SWITCH S2600-24S4X(A),S2600-24S4X(A),63799679000140,2026-09-02,2520.00
12004345,5522,SWITCH,Switch,SWITCH DGS 1210-52,DGS 1210-52,35092174000106,2026-09-02,2043.16
12004414,5522,SWITCH,Switch,SWITCH DGS-1250-52X,DGS-1250-52X,35092174000106,2026-09-02,2748.72
12054874,19246,TABLET,Tablet,TABLET Samsung,Samsung,65150015000181,2026-07-01,3263.99
12121887,5522,SWITCH,Switch,SWITCH huawei S220-48T4X,huawei S220-48T4X,63464839000109,2026-09-02,2495.00
12121888,5522,SWITCH,Switch,SWITCH CRS328-4C-20S-4S+RM,CRS328-4C-20S-4S+RM,49490183000160,2026-09-02,3450.00
12131303,10293,SERVIDOR,Servidor,SERVIDOR PowerEdge R260,PowerEdge R260,50861265000152,2026-08-25,45320.00
12133356,6669,MONITOR COMPUTADOR,Monitor,MONITOR COMPUTADOR 24E3UF,24E3UF,57601436000153,2026-08-26,1040.00
12135013,10293,SERVIDOR,Servidor,SERVIDOR Dell PowerEdge T560,Dell PowerEdge T560,03263975000524,2026-07-10,356000.00
12135015,10293,SERVIDOR,Servidor,SERVIDOR ThinkSystem SR665 V3,ThinkSystem SR665 V3,03535902000978,2026-07-10,400950.00
12135016,10293,SERVIDOR,Servidor,SERVIDOR Dell PowerVault ME52,Dell PowerVault ME52,03263975000524,2026-07-10,372400.00
12141446,19246,TABLET,Tablet,TABLET Galaxy,Galaxy,29532668000161,2026-07-13,2600.00
12144785,10293,SERVIDOR,Servidor,SERVIDOR Spectralink DECT Ser,Spectralink DECT Ser,39821618000158,2026-07-13,21550.00
12144786,10293,SERVIDOR,Servidor,SERVIDOR Spectralink CPU Card,Spectralink CPU Card,39821618000158,2026-07-13,16189.00
12144787,10293,SERVIDOR,Servidor,SERVIDOR Spectralink AB16 Ana,Spectralink AB16 Ana,39821618000158,2026-07-13,20620.00
12144788,10293,SERVIDOR,Servidor,SERVIDOR Spectralink BIF08 Ba,Spectralink BIF08 Ba,39821618000158,2026-07-13,10594.00
12166548,10293,SERVIDOR,Servidor,SERVIDOR DL360 Gen11,DL360 Gen11,40199685000161,2026-07-15,36000.00
12169651,8435,NOTEBOOK,Notebook,NOTEBOOK conforme tr,conforme tr,36434865000103,2026-08-27,3124.00
12172509,6669,MONITOR COMPUTADOR,Monitor,MONITOR COMPUTADOR LU32J590UQLMZD,LU32J590UQLMZD,06187402000123,2026-09-23,1475.00
12172510,6669,MONITOR COMPUTADOR,Monitor,MONITOR COMPUTADOR LU32J590UQLMZD,LU32J590UQLMZD,06187402000123,2026-09-23,1475.00
12172527,5522,SWITCH,Switch,SWITCH TL-SG3428,TL-SG3428,11118645000140,2026-09-23,1080.00
12172528,5522,SWITCH,Switch,SWITCH sg3452,sg3452,11118645000140,2026-09-23,2280.00
12172548,6669,MONITOR COMPUTADOR,Monitor,MONITOR COMPUTADOR 27B30H3,27B30H3,20953739000125,2026-09-23,939.39
12189183,19246,TABLET,Tablet,TABLET conforme o tr,conforme o tr,33279320000181,2026-07-01,5100.00
12191982,6669,MONITOR COMPUTADOR,Monitor,MONITOR COMPUTADOR ThinkVision P24Q-40,ThinkVision P24Q-40,37131927000251,2026-08-28,1920.00
12191983,6669,MONITOR COMPUTADOR,Monitor,"MONITOR COMPUTADOR Monitor de 24""","Monitor de 24""",39140223000190,2026-08-28,2028.61
12191984,6669,MONITOR COMPUTADOR,Monitor,MONITOR COMPUTADOR ThinkVision T32UD-40,ThinkVision T32UD-40,37131927000251,2026-08-28,4080.00
12191988,5522,SWITCH,Switch,SWITCH ISCOM S2600-24T4X-PW,ISCOM S2600-24T4X-PW,13065231000125,2026-08-28,10667.00
12194694,8435,NOTEBOOK,Notebook,NOTEBOOK Positivo,Positivo,22379413000161,2026-09-01,5850.00
12194700,10293,SERVIDOR,Servidor,SERVIDOR TS-855X-8G,TS-855X-8G,03812745000224,2026-09-01,13980.00
12194702,5522,SWITCH,Switch,SWITCH IRD-SW-2008GP,IRD-SW-2008GP,10402061000139,2026-09-01,292.00
12194703,6669,MONITOR COMPUTADOR,Monitor,MONITOR COMPUTADOR mancer,mancer,63855461000166,2026-09-01,919.56
12223803,6484,MICROCOMPUTADOR ALL IN ONE,Desktop,MICROCOMPUTADOR ALL IN ONE POSITIVO,POSITIVO,66524759000181,2026-07-29,5120.00
12228781,237,ROTEADOR,Roteador,ROTEADOR Xiaomi,Xiaomi,43431371000130,2026-07-22,1843.99
12234466,19246,TABLET,Tablet,TABLET Vaio/Vaio,Vaio/Vaio,62933319000127,2026-07-22,3281.20
12250913,19246,TABLET,Tablet,"TABLET VAIO TL12 8GB/256GB 5G AMOLED 12.6"" + Teclado + Ca","VAIO TL12 8GB/256GB 5G AMOLED 12.6"" + Teclado + Ca",45519660000111,2026-07-01,3045.00
12257150,237,ROTEADOR,Roteador,ROTEADOR ROTEADOR,ROTEADOR,63755916000171,2026-07-24,237.99
12259844,10293,SERVIDOR,Servidor,SERVIDOR HPE / HPE,HPE / HPE,00677870000523,2026-07-24,494075.00
12259846,10293,SERVIDOR,Servidor,SERVIDOR HPE / HPE,HPE / HPE,00677870000523,2026-07-24,494075.00
12268961,8435,NOTEBOOK,Notebook,NOTEBOOK Fe 16,Fe 16,62933319000127,2026-08-24,4850.00
12270695,6484,MICROCOMPUTADOR ALL IN ONE,Desktop,MICROCOMPUTADOR ALL IN ONE Apple,Apple,63561488000146,2026-07-27,17900.00
12271114,10293,SERVIDOR,Servidor,SERVIDOR TECZAP,TECZAP,08619872000144,2026-07-27,20080.00
12273160,19246,TABLET,Tablet,TABLET Tablet,Tablet,37478920000120,2026-06-25,2329.00
12276162,237,ROTEADOR,Roteador,ROTEADOR 8300,8300,79345583001114,2026-07-28,16055.50
12276163,237,ROTEADOR,Roteador,ROTEADOR 8300,8300,79345583001114,2026-07-28,21941.80
12283687,237,ROTEADOR,Roteador,ROTEADOR TR,TR,16677622000199,2026-07-12,465.00
12293143,19246,TABLET,Tablet,TABLET Samsung,Samsung,51933016000198,2026-07-29,4000.53
12296860,19246,TABLET,Tablet,TABLET VAIO TL10 (4G),VAIO TL10 (4G),33279320000181,2026-07-28,1559.00
12302903,5522,SWITCH,Switch,SWITCH S2900-48T6X,S2900-48T6X,32149829000147,2026-09-17,2499.00
12315369,19246,TABLET,Tablet,TABLET GALAXY TAB S10 FE+,GALAXY TAB S10 FE+,58545712000176,2026-07-31,3916.99
12360927,19246,TABLET,Tablet,TABLET handc,handc,63855461000166,2026-09-02,1999.00
12387677,6661,MICROCOMPUTADOR,Desktop,MICROCOMPUTADOR PREMIUM II,PREMIUM II,01429437000108,2026-09-23,2450.00
12387678,6661,MICROCOMPUTADOR,Desktop,MICROCOMPUTADOR PREMIUM II,PREMIUM II,01429437000108,2026-09-23,2450.00
12387679,6661,MICROCOMPUTADOR,Desktop,MICROCOMPUTADOR PROPRIA,PROPRIA,64734646000185,2026-09-23,4690.00
12387684,8435,NOTEBOOK,Notebook,NOTEBOOK VISION,VISION,64734646000185,2026-09-23,3188.00
12394300,6661,MICROCOMPUTADOR,Desktop,MICROCOMPUTADOR NANO R1,NANO R1,07315550000149,2026-09-25,5090.00
12394301,6669,MONITOR COMPUTADOR,Monitor,MONITOR COMPUTADOR DATEN,DATEN,04602789000101,2026-09-25,826.90
12394302,6669,MONITOR COMPUTADOR,Monitor,MONITOR COMPUTADOR Monitor,Monitor,32159298000173,2026-09-25,905.00
12413209,19246,TABLET,Tablet,TABLET RENOMADA,RENOMADA,62461036000120,2026-07-15,1975.00
12431094,19246,TABLET,Tablet,TABLET Samsung - A11+ 5G,Samsung - A11+ 5G,27120037000100,2026-07-06,2077.00
12435436,237,ROTEADOR,Roteador,ROTEADOR ac10/4 antenas,ac10/4 antenas,33629177000100,2026-08-14,189.00
12438430,6661,MICROCOMPUTADOR,Desktop,MICROCOMPUTADOR SIMILAR,SIMILAR,55796470000103,2026-09-14,2999.00
12438431,6661,MICROCOMPUTADOR,Desktop,MICROCOMPUTADOR SIMILAR,SIMILAR,55796470000103,2026-09-14,3965.00
12438432,8435,NOTEBOOK,Notebook,NOTEBOOK VISION R15M,VISION R15M,33419290000161,2026-09-14,3190.00
12438468,5522,SWITCH,Switch,SWITCH HZ-2402GBPOE,HZ-2402GBPOE,61462914000169,2026-09-14,868.00
12438469,5522,SWITCH,Switch,SWITCH Switch,Switch,26587509000176,2026-09-14,1100.00
12441132,19246,TABLET,Tablet,TABLET Conforme Edital,Conforme Edital,59348026000178,2026-07-23,2089.84
12456350,10293,SERVIDOR,Servidor,SERVIDOR Asustor,Asustor,47889393000108,2026-07-13,47500.00
12456378,19246,TABLET,Tablet,TABLET VAIO,VAIO,55142140000196,2026-08-04,3899.00
12474244,19246,TABLET,Tablet,TABLET Samsung,Samsung,61718655000194,2026-08-19,3280.00
12478969,10293,SERVIDOR,Servidor,SERVIDOR GIGABYTE,GIGABYTE,07953689000118,2026-08-06,48065.00
12487157,6669,MONITOR COMPUTADOR,Monitor,MONITOR COMPUTADOR Monitor computador,Monitor computador,11101784000160,2026-08-20,949.00
12494951,8435,NOTEBOOK,Notebook,NOTEBOOK VIVOBOOK 15 / ASUS,VIVOBOOK 15 / ASUS,66969754000162,2026-07-16,3999.00
12504149,6669,MONITOR COMPUTADOR,Monitor,MONITOR COMPUTADOR Aoc Led,Aoc Led,03963421000106,2026-08-20,720.00
12505040,19246,TABLET,Tablet,TABLET Tablet Xiaomi Redmi,Tablet Xiaomi Redmi,11908003000144,2026-07-21,2799.00
12506274,19246,TABLET,Tablet,TABLET XIAOMI REDMI,XIAOMI REDMI,03963421000106,2026-08-20,4336.00
12506837,6669,MONITOR COMPUTADOR,Monitor,MONITOR COMPUTADOR n/c,n/c,10230480003156,2026-08-20,2179.90
12507574,8435,NOTEBOOK,Notebook,NOTEBOOK DELL,DELL,49341541000172,2026-07-12,7200.00
12513579,5522,SWITCH,Switch,SWITCH SWITCH TP-LINK OMADA,SWITCH TP-LINK OMADA,29846708000140,2026-09-01,1506.00
12513580,5522,SWITCH,Switch,SWITCH EFI/24G 4SFPJ -G -Po,EFI/24G 4SFPJ -G -Po,30670371000141,2026-09-01,3850.00
12515547,6669,MONITOR COMPUTADOR,Monitor,MONITOR COMPUTADOR conforme especificaç,conforme especificaç,44273617000156,2026-08-24,613.00
12518644,8435,NOTEBOOK,Notebook,NOTEBOOK DELL,DELL,26930358000107,2026-08-23,7688.00
12518912,19246,TABLET,Tablet,TABLET Samsung,Samsung,26930358000107,2026-08-23,3848.00
12520523,8435,NOTEBOOK,Notebook,NOTEBOOK vaio / asus,vaio / asus,09467823000104,2026-08-03,4060.00
12520528,8435,NOTEBOOK,Notebook,NOTEBOOK Alienware,Alienware,07816912000185,2026-08-03,8405.00
12521598,8435,NOTEBOOK,Notebook,NOTEBOOK acer,acer,62933319000127,2026-08-03,3250.00
12522403,19246,TABLET,Tablet,TABLET Samsung,Samsung,59939303000117,2026-04-05,3570.00
12526799,5522,SWITCH,Switch,SWITCH IRD-SW-16GN,IRD-SW-16GN,16677622000199,2026-09-01,850.00
12531212,6669,MONITOR COMPUTADOR,Monitor,MONITOR COMPUTADOR TR,TR,08319586000163,2026-07-21,2355.00
12532788,8435,NOTEBOOK,Notebook,NOTEBOOK Lenovo,Lenovo,13403427000182,2026-07-30,6795.99
12533055,19246,TABLET,Tablet,TABLET SANSUNG,SANSUNG,62950454000180,2026-08-11,2205.99
12547429,10293,SERVIDOR,Servidor,SERVIDOR FusionServer 2288 V8,FusionServer 2288 V8,06105781000165,2026-09-03,80816.00
12547430,10293,SERVIDOR,Servidor,SERVIDOR FusionServer 2288 V8,FusionServer 2288 V8,06105781000165,2026-09-03,216639.00
12548157,6669,MONITOR COMPUTADOR,Monitor,"MONITOR COMPUTADOR CONCORDIA H238l 23,8","CONCORDIA H238l 23,8",05055328000129,2026-09-23,592.00
12550820,6669,MONITOR COMPUTADOR,Monitor,MONITOR COMPUTADOR Dell,Dell,51265795000109,2026-07-08,1263.00
12550821,8435,NOTEBOOK,Notebook,NOTEBOOK Dell,Dell,51933016000198,2026-07-08,11841.10
12550822,19246,TABLET,Tablet,TABLET SAMSUNG,SAMSUNG,57964176000180,2026-07-08,2900.00
12554492,8435,NOTEBOOK,Notebook,NOTEBOOK Notebook Asus Vivobook Go 15 Amd Ryzen 5 7520u 16g,Notebook Asus Vivobook Go 15 Amd Ryzen 5 7520u 16g,29604920000109,2026-08-17,5056.00
12569965,6661,MICROCOMPUTADOR,Desktop,MICROCOMPUTADOR hp,hp,03619767000515,2026-09-22,8300.00
12580232,5522,SWITCH,Switch,SWITCH ML,ML,62950454000180,2026-08-10,4519.31
12582812,6669,MONITOR COMPUTADOR,Monitor,"MONITOR COMPUTADOR MONITOR 27"" DUEX DXM","MONITOR 27"" DUEX DXM",39304546000171,2026-09-14,802.80
12582813,5522,SWITCH,Switch,SWITCH SG3210,SG3210,07953689000118,2026-09-14,715.70
12582818,5522,SWITCH,Switch,SWITCH S2528-C,S2528-C,32149829000147,2026-09-14,1034.00
12582824,6661,MICROCOMPUTADOR,Desktop,MICROCOMPUTADOR GMPCOFFICE,GMPCOFFICE,11195926000104,2026-09-14,3750.00
12582825,6661,MICROCOMPUTADOR,Desktop,MICROCOMPUTADOR R2,R2,66439257000152,2026-09-14,2840.00
12582826,6669,MONITOR COMPUTADOR,Monitor,"MONITOR COMPUTADOR MONITOR 27"" DUEX DXM","MONITOR 27"" DUEX DXM",39304546000171,2026-09-14,802.80
12582827,5522,SWITCH,Switch,SWITCH IRD-SW-3210F,IRD-SW-3210F,10402061000139,2026-09-14,720.00
12582828,8435,NOTEBOOK,Notebook,NOTEBOOK Lenovo,Lenovo,07816912000185,2026-09-14,5838.00
12582831,5522,SWITCH,Switch,SWITCH S2528-C,S2528-C,32149829000147,2026-09-14,1099.00
12582835,8435,NOTEBOOK,Notebook,NOTEBOOK Lenovo,Lenovo,43182905000132,2026-09-14,3882.50
12582836,6661,MICROCOMPUTADOR,Desktop,MICROCOMPUTADOR DTM12A510,DTM12A510,27975551000399,2026-09-14,3301.98
12582837,6661,MICROCOMPUTADOR,Desktop,MICROCOMPUTADOR R2,R2,66439257000152,2026-09-14,2835.00
12583731,6669,MONITOR COMPUTADOR,Monitor,MONITOR COMPUTADOR MONITOR,MONITOR,63279748000195,2026-08-03,549.50
12584241,5522,SWITCH,Switch,SWITCH TP Link,TP Link,48603282000148,2026-08-17,4300.58
12584331,8435,NOTEBOOK,Notebook,NOTEBOOK RENOMADA,RENOMADA,62461036000120,2026-08-23,3340.00
12598222,10293,SERVIDOR,Servidor,SERVIDOR HPE,HPE,08619872000144,2026-09-01,158000.00
12599144,8435,NOTEBOOK,Notebook,NOTEBOOK Lenovo Ideapad Slim 3,Lenovo Ideapad Slim 3,63061236000158,2026-08-11,3856.99
12599145,8435,NOTEBOOK,Notebook,NOTEBOOK Lenovo Ideapad Slim 3,Lenovo Ideapad Slim 3,63061236000158,2026-08-11,3856.99
12599396,10293,SERVIDOR,Servidor,SERVIDOR não se aplica,não se aplica,07451499000100,2026-08-31,11580.00
12599397,19246,TABLET,Tablet,TABLET não se aplica,não se aplica,07451499000100,2026-08-31,3400.00
12599935,5522,SWITCH,Switch,SWITCH RUCKUS,RUCKUS,27778168000189,2026-08-17,25400.00
12599936,5522,SWITCH,Switch,SWITCH RUCKUS,RUCKUS,27778168000189,2026-08-17,22150.00
12600139,8435,NOTEBOOK,Notebook,NOTEBOOK não se aplica,não se aplica,30810469000157,2026-08-31,7300.00
12600141,6669,MONITOR COMPUTADOR,Monitor,MONITOR COMPUTADOR não se aplica,não se aplica,30810469000157,2026-08-31,620.00
12601249,6669,MONITOR COMPUTADOR,Monitor,MONITOR COMPUTADOR VX PRO,VX PRO,58971574000197,2026-07-16,480.00
12601250,5522,SWITCH,Switch,SWITCH TR,TR,16677622000199,2026-07-16,1225.00
12601879,19246,TABLET,Tablet,TABLET TABLET SAMSUNG GALAX,TABLET SAMSUNG GALAX,46010439000104,2026-09-23,1078.00
12601880,19246,TABLET,Tablet,TABLET Tab A11 SM-X133,Tab A11 SM-X133,58733880000195,2026-09-23,1113.75
12601883,19246,TABLET,Tablet,TABLET IPAD 11 - 128GB,IPAD 11 - 128GB,65434355000134,2026-09-23,2596.00
12601884,8435,NOTEBOOK,Notebook,NOTEBOOK MacBook Air de 13 po,MacBook Air de 13 po,65849993000116,2026-09-23,7950.00
12602576,8435,NOTEBOOK,Notebook,NOTEBOOK,-,50595094000167,2026-08-17,3599.91
12602577,6669,MONITOR COMPUTADOR,Monitor,MONITOR COMPUTADOR Concordia,Concordia,36207894000132,2026-08-17,560.75
12602754,8435,NOTEBOOK,Notebook,NOTEBOOK TR,TR,63812811000107,2026-06-09,4798.00
12602756,6661,MICROCOMPUTADOR,Desktop,MICROCOMPUTADOR MICRO,MICRO,42663698000175,2026-06-09,2999.00
12624699,10293,SERVIDOR,Servidor,SERVIDOR SYNOLOGY,SYNOLOGY,49125377000166,2026-08-25,15009.40
12626844,6661,MICROCOMPUTADOR,Desktop,MICROCOMPUTADOR MARCA PRÓPRIA,MARCA PRÓPRIA,05955160000108,2026-08-10,4590.00
12626908,8435,NOTEBOOK,Notebook,NOTEBOOK Asus / Asus,Asus / Asus,11195926000104,2026-08-11,6100.00
12627487,6669,MONITOR COMPUTADOR,Monitor,MONITOR COMPUTADOR DUEX / CONCORDIA,DUEX / CONCORDIA,54494740000150,2026-08-03,649.00
12635377,5522,SWITCH,Switch,SWITCH S220-48T4X-AC,S220-48T4X-AC,01259682000114,2026-09-18,3180.00
12635382,8435,NOTEBOOK,Notebook,NOTEBOOK Storm,Storm,41680761000119,2026-09-18,5285.00
12637701,10293,SERVIDOR,Servidor,SERVIDOR Lenovo,Lenovo,03263975000524,2026-09-03,295865.00
12637702,10293,SERVIDOR,Servidor,SERVIDOR Lenovo,Lenovo,03263975000524,2026-09-03,188225.00
12650312,6669,MONITOR COMPUTADOR,Monitor,"MONITOR COMPUTADOR ASRock 27""","ASRock 27""",65248526000130,2026-08-25,687.90
12652117,6661,MICROCOMPUTADOR,Desktop,"MICROCOMPUTADOR AMD RYZEN 7 5700G 3,8GHZ 16MB AM4","AMD RYZEN 7 5700G 3,8GHZ 16MB AM4",24443833000195,2026-09-03,3458.21
12653438,6661,MICROCOMPUTADOR,Desktop,MICROCOMPUTADOR POAITIVO,POAITIVO,27390371000183,2026-07-21,7189.00
12653594,6661,MICROCOMPUTADOR,Desktop,MICROCOMPUTADOR gm info/gm info,gm info/gm info,62933319000127,2026-08-12,5310.00
12653595,8435,NOTEBOOK,Notebook,NOTEBOOK Dell,Dell,07816912000185,2026-08-12,3898.00
12653602,5522,SWITCH,Switch,SWITCH IRD.NET,IRD.NET,10402061000139,2026-08-12,345.21
12653603,5522,SWITCH,Switch,SWITCH TP-LINK,TP-LINK,52585078000119,2026-08-12,749.48
12653608,5522,SWITCH,Switch,SWITCH TP-Link,TP-Link,16628132000100,2026-08-12,2875.98
12653832,6661,MICROCOMPUTADOR,Desktop,MICROCOMPUTADOR Lenovo,Lenovo,12477490000281,2026-08-03,6845.00
12657307,6669,MONITOR COMPUTADOR,Monitor,MONITOR COMPUTADOR Dell,Dell,50756595000188,2026-09-06,1468.00
12658286,5522,SWITCH,Switch,SWITCH BDCOM,BDCOM,32149829000147,2026-09-08,3593.99
12661339,5522,SWITCH,Switch,SWITCH IP-COM,IP-COM,27274178000187,2026-05-24,570.00
12661443,6661,MICROCOMPUTADOR,Desktop,MICROCOMPUTADOR Romaze,Romaze,66439257000152,2026-07-09,2990.00
12661444,6661,MICROCOMPUTADOR,Desktop,MICROCOMPUTADOR Romaze,Romaze,66439257000152,2026-07-09,2990.00
12661445,6661,MICROCOMPUTADOR,Desktop,MICROCOMPUTADOR ARQUIMEDES,ARQUIMEDES,42145571000164,2026-07-09,5850.00
12661446,6661,MICROCOMPUTADOR,Desktop,MICROCOMPUTADOR ARQUIMEDES,ARQUIMEDES,42145571000164,2026-07-09,5850.00
12661447,6669,MONITOR COMPUTADOR,Monitor,MONITOR COMPUTADOR LG,LG,63464839000109,2026-07-09,451.00
12661448,6669,MONITOR COMPUTADOR,Monitor,MONITOR COMPUTADOR LG,LG,63464839000109,2026-07-09,451.00
12662714,8435,NOTEBOOK,Notebook,NOTEBOOK Não se ap´lica,Não se ap´lica,07451499000100,2026-09-07,9950.00
12664249,5522,SWITCH,Switch,SWITCH INTELBRAS,INTELBRAS,53411613000188,2026-07-16,544.69
12664548,6661,MICROCOMPUTADOR,Desktop,MICROCOMPUTADOR ARQUIMEDES,ARQUIMEDES,42145571000164,2026-07-30,8223.55
12664818,6661,MICROCOMPUTADOR,Desktop,MICROCOMPUTADOR DATEN,DATEN,04602789000101,2026-08-06,8042.00
12665826,5522,SWITCH,Switch,SWITCH S2328G-PA - INTELBRAS,S2328G-PA - INTELBRAS,22406299000111,2026-07-23,4248.00
12676293,5522,SWITCH,Switch,SWITCH Ip-com,Ip-com,51399091000110,2026-08-03,660.00
12678197,5522,SWITCH,Switch,SWITCH HUAWEI,HUAWEI,60525714000145,2026-08-20,3400.00
12679244,237,ROTEADOR,Roteador,ROTEADOR KNUP,KNUP,54494740000150,2026-08-17,199.99
12679245,6661,MICROCOMPUTADOR,Desktop,MICROCOMPUTADOR INTELLIGENCY / FABRICAÇÃO PRÓRPIA,INTELLIGENCY / FABRICAÇÃO PRÓRPIA,32084616000184,2026-08-17,4999.00
12679247,6661,MICROCOMPUTADOR,Desktop,MICROCOMPUTADOR CONCÓRDIA,CONCÓRDIA,01177978000196,2026-08-17,5030.01
12680355,8435,NOTEBOOK,Notebook,NOTEBOOK Daten,Daten,34197944000112,2026-07-21,4800.00
12680356,6661,MICROCOMPUTADOR,Desktop,MICROCOMPUTADOR Própria,Própria,02596872000190,2026-07-21,6650.00
12680357,19246,TABLET,Tablet,TABLET lenovo,lenovo,63855461000166,2026-07-21,2549.00
12680359,8435,NOTEBOOK,Notebook,NOTEBOOK NOTEBOOK,NOTEBOOK,66969754000162,2026-08-12,5599.00
12680533,8435,NOTEBOOK,Notebook,NOTEBOOK RENOMADA,RENOMADA,62461036000120,2026-08-26,3340.00
12687036,6669,MONITOR COMPUTADOR,Monitor,MONITOR COMPUTADOR T24-40,T24-40,11101784000160,2026-09-22,1065.00
12687049,6669,MONITOR COMPUTADOR,Monitor,MONITOR COMPUTADOR 3GREEN,3GREEN,60166385000193,2026-09-10,584.50
12687057,5522,SWITCH,Switch,SWITCH 900092026,900092026,64911773000102,2026-09-10,1813.62
12687064,5522,SWITCH,Switch,SWITCH SIMILAR,SIMILAR,17991542000176,2026-09-10,267.22
12688651,10293,SERVIDOR,Servidor,SERVIDOR BARCO,BARCO,18676340000283,2026-07-21,26351.00
12692555,6669,MONITOR COMPUTADOR,Monitor,MONITOR COMPUTADOR HQ,HQ,60166385000193,2026-08-02,582.49
12692754,6669,MONITOR COMPUTADOR,Monitor,MONITOR COMPUTADOR AOC,AOC,47959274000176,2026-08-12,840.00
12692895,6669,MONITOR COMPUTADOR,Monitor,MONITOR COMPUTADOR AOC,AOC,28584157000392,2026-08-12,688.90
12704742,6669,MONITOR COMPUTADOR,Monitor,MONITOR COMPUTADOR Samsung,Samsung,47129855000180,2026-09-10,1399.90
12705805,5522,SWITCH,Switch,SWITCH ARUBA,ARUBA,27274178000187,2026-08-23,5396.51
12705806,5522,SWITCH,Switch,SWITCH Switch TP-Link Omada,Switch TP-Link Omada,29846708000140,2026-08-23,3336.17
12706575,6661,MICROCOMPUTADOR,Desktop,MICROCOMPUTADOR Cometa Informatica,Cometa Informatica,17995922000189,2026-08-27,4043.20
12706673,5522,SWITCH,Switch,SWITCH SWITCH,SWITCH,63755916000171,2026-08-26,2339.50
12706674,5522,SWITCH,Switch,SWITCH Switch,Switch,63318076000180,2026-08-26,1191.00
12706734,6661,MICROCOMPUTADOR,Desktop,MICROCOMPUTADOR DV,DV,53640283000100,2026-08-20,3350.00
12714510,8435,NOTEBOOK,Notebook,NOTEBOOK Acer,Acer,43182905000132,2026-09-14,6080.20
12714521,8435,NOTEBOOK,Notebook,NOTEBOOK Lenovo,Lenovo,43182905000132,2026-09-14,3882.50
12718083,19246,TABLET,Tablet,TABLET LENOVO,LENOVO,49490183000160,2026-07-28,2600.00
12720856,6669,MONITOR COMPUTADOR,Monitor,MONITOR COMPUTADOR aoc/aoc,aoc/aoc,62933319000127,2026-09-03,974.00
12732751,6669,MONITOR COMPUTADOR,Monitor,MONITOR COMPUTADOR SANSUNG,SANSUNG,34266000000150,2026-08-31,1368.00
12733956,19246,TABLET,Tablet,TABLET RENOMADA,RENOMADA,62461036000120,2026-08-31,2590.00
12734935,6661,MICROCOMPUTADOR,Desktop,MICROCOMPUTADOR POSITIVO,POSITIVO,01177978000196,2026-08-17,7098.91
12742718,6669,MONITOR COMPUTADOR,Monitor,MONITOR COMPUTADOR Albus,Albus,65008508000181,2026-09-16,990.00
12742719,6669,MONITOR COMPUTADOR,Monitor,MONITOR COMPUTADOR DELL,DELL,59892005000119,2026-09-16,3499.99
12742720,8435,NOTEBOOK,Notebook,NOTEBOOK AVELL,AVELL,31495962000273,2026-09-16,14413.80
12742917,8435,NOTEBOOK,Notebook,NOTEBOOK DELL,DELL,65857608000182,2026-09-16,8288.00
12746104,6661,MICROCOMPUTADOR,Desktop,MICROCOMPUTADOR PENTON,PENTON,24895586000168,2026-07-20,3979.46
12746107,6661,MICROCOMPUTADOR,Desktop,MICROCOMPUTADOR,.,65248526000130,2026-07-20,2500.00
12747148,6661,MICROCOMPUTADOR,Desktop,MICROCOMPUTADOR gm info/gm info,gm info/gm info,62933319000127,2026-09-03,2865.00
12748527,19246,TABLET,Tablet,TABLET SAMSUNG,SAMSUNG,49814976000197,2026-08-24,2700.00
12749504,8435,NOTEBOOK,Notebook,NOTEBOOK Ref.: Notebook Acer I5 13420H 8GB 256GB 15'' W11 o,Ref.: Notebook Acer I5 13420H 8GB 256GB 15'' W11 o,68592895000134,2026-09-01,4060.00
12749506,6669,MONITOR COMPUTADOR,Monitor,"MONITOR COMPUTADOR Ref.: Monitor Acer 23,8'' MK241Y Cbmi IPS 100Hz ou","Ref.: Monitor Acer 23,8'' MK241Y Cbmi IPS 100Hz ou",68592895000134,2026-09-01,541.98
12755491,237,ROTEADOR,Roteador,ROTEADOR TP-LINK,TP-LINK,49490183000160,2026-08-11,445.00
12759581,6661,MICROCOMPUTADOR,Desktop,MICROCOMPUTADOR amz tch,amz tch,56993582000109,2026-08-30,4455.00
12759582,6669,MONITOR COMPUTADOR,Monitor,MONITOR COMPUTADOR TR,TR,62202546000182,2026-08-30,485.00
12759682,8435,NOTEBOOK,Notebook,NOTEBOOK Positivo,Positivo,07816912000185,2026-07-21,4384.00
12760585,6661,MICROCOMPUTADOR,Desktop,MICROCOMPUTADOR Pichau ou equivalente,Pichau ou equivalente,58989903000127,2026-09-08,5650.00
12766067,8435,NOTEBOOK,Notebook,NOTEBOOK Lenovo/Lenovo,Lenovo/Lenovo,62933319000127,2026-07-01,6592.10
12766281,8435,NOTEBOOK,Notebook,NOTEBOOK DELL,DELL,27861781000165,2026-09-18,3856.69
12769166,10293,SERVIDOR,Servidor,SERVIDOR Fortinet,Fortinet,03816520000165,2026-09-17,93423.50
12769168,5522,SWITCH,Switch,SWITCH Fortinet,Fortinet,03816520000165,2026-09-17,17746.30
12771546,6661,MICROCOMPUTADOR,Desktop,MICROCOMPUTADOR COREX,COREX,57748197000169,2026-08-09,2442.15
12771547,6661,MICROCOMPUTADOR,Desktop,MICROCOMPUTADOR COREX,COREX,57748197000169,2026-08-09,5625.00
12771548,6661,MICROCOMPUTADOR,Desktop,MICROCOMPUTADOR COREX,COREX,57748197000169,2026-08-09,4562.50
12771549,6669,MONITOR COMPUTADOR,Monitor,MONITOR COMPUTADOR Skul,Skul,35589190000109,2026-08-09,470.00
12771550,6669,MONITOR COMPUTADOR,Monitor,MONITOR COMPUTADOR Skul,Skul,35589190000109,2026-08-09,406.86
12786697,5522,SWITCH,Switch,SWITCH KNUP,KNUP,54494740000150,2026-07-29,406.00
12786703,6661,MICROCOMPUTADOR,Desktop,MICROCOMPUTADOR BRAZIL PC,BRAZIL PC,15427657000107,2026-07-29,2961.00
12786709,5522,SWITCH,Switch,SWITCH TP-LINK,TP-LINK,29006963000184,2026-07-29,2653.00
12786771,6669,MONITOR COMPUTADOR,Monitor,MONITOR COMPUTADOR BRAZIL PC,BRAZIL PC,58557902000103,2026-07-29,665.10
12787032,5522,SWITCH,Switch,SWITCH Fortinet,Fortinet,00495124000195,2026-09-20,33700.00
12787251,6661,MICROCOMPUTADOR,Desktop,MICROCOMPUTADOR AMD,AMD,07540940000112,2026-09-20,7981.00
12788451,5522,SWITCH,Switch,SWITCH conf tr,conf tr,31206714000184,2026-08-31,23798.00
12788641,6661,MICROCOMPUTADOR,Desktop,MICROCOMPUTADOR MG,MG,50595094000167,2026-09-10,6277.91
12789471,8435,NOTEBOOK,Notebook,NOTEBOOK Notebook,Notebook,54494997000102,2026-09-11,4100.00
12793317,237,ROTEADOR,Roteador,ROTEADOR Ubiquiti UniFi U6,Ubiquiti UniFi U6,54419299000142,2026-09-22,2200.00
12793318,237,ROTEADOR,Roteador,ROTEADOR Ubiquiti UniFi U6,Ubiquiti UniFi U6,54419299000142,2026-09-22,2200.00
12795397,6661,MICROCOMPUTADOR,Desktop,MICROCOMPUTADOR DATEN,DATEN,04602789000101,2026-09-22,6240.00
12795398,6669,MONITOR COMPUTADOR,Monitor,MONITOR COMPUTADOR DATEN,DATEN,04602789000101,2026-09-22,995.00
12795748,8435,NOTEBOOK,Notebook,NOTEBOOK positivo,positivo,08599785000172,2026-09-22,6900.00
12798358,19246,TABLET,Tablet,TABLET Lenovo OU SAMSUNG,Lenovo OU SAMSUNG,13472069000160,2026-07-21,2500.00
12799650,10293,SERVIDOR,Servidor,SERVIDOR DELL,DELL,29847115000106,2026-09-21,31350.00
12799920,19246,TABLET,Tablet,TABLET Não se aplica,Não se aplica,07451499000100,2026-09-21,4500.00
12803108,5522,SWITCH,Switch,SWITCH INTELBRAS,INTELBRAS,41010629000108,2026-08-27,656.83
12803180,8435,NOTEBOOK,Notebook,NOTEBOOK RENOMADA,RENOMADA,62461036000120,2026-09-14,4340.00
12803462,5522,SWITCH,Switch,SWITCH TR,TR,65063902000112,2026-09-10,550.00
12808369,237,ROTEADOR,Roteador,ROTEADOR MR30G AC1200,MR30G AC1200,09467823000104,2026-09-23,186.00
12809876,5522,SWITCH,Switch,SWITCH INTELBRAS,INTELBRAS,13146270000157,2026-07-20,640.00
12809877,5522,SWITCH,Switch,SWITCH INTELBRAS,INTELBRAS,13146270000157,2026-07-20,278.16
12817714,5522,SWITCH,Switch,SWITCH ALCATEL-LUCENT ENTERPRISE,ALCATEL-LUCENT ENTERPRISE,01389269000174,2026-09-07,32500.00
12817716,5522,SWITCH,Switch,SWITCH ALCATEL-LUCENT ENTERPRISE,ALCATEL-LUCENT ENTERPRISE,01389269000174,2026-09-07,5600.00
12817889,6661,MICROCOMPUTADOR,Desktop,MICROCOMPUTADOR Cometa Informática,Cometa Informática,17995922000189,2026-09-07,2673.17
12817962,19246,TABLET,Tablet,TABLET Samsung,Samsung,52257069000107,2026-09-23,1250.00
12818985,5522,SWITCH,Switch,SWITCH CONVERGÊNCIA TELEINFORMÁTICA,CONVERGÊNCIA TELEINFORMÁTICA,64151509000118,2026-09-23,1811.20
12818999,6669,MONITOR COMPUTADOR,Monitor,MONITOR COMPUTADOR cel,cel,03621548000147,2026-09-23,633.50
12819695,5522,SWITCH,Switch,SWITCH TR,TR,62958500000198,2026-08-31,180.00
12821563,6661,MICROCOMPUTADOR,Desktop,MICROCOMPUTADOR gm info / gm info,gm info / gm info,62933319000127,2026-07-22,6370.00
12825223,6661,MICROCOMPUTADOR,Desktop,MICROCOMPUTADOR ROMAZE,ROMAZE,07315550000149,2026-09-25,3850.00
12828878,19246,TABLET,Tablet,TABLET SAMSUNG,SAMSUNG,49485991000139,2026-08-06,3323.54
12828879,19246,TABLET,Tablet,TABLET SAMSUNG,SAMSUNG,49485991000139,2026-08-06,3323.54
12832487,5522,SWITCH,Switch,SWITCH Huawei,Huawei,39893680000155,2026-08-11,18963.90
12832488,5522,SWITCH,Switch,SWITCH Huawei,Huawei,39893680000155,2026-08-11,26766.00
12832489,5522,SWITCH,Switch,SWITCH Huawei,Huawei,39893680000155,2026-08-11,28155.00
12832490,5522,SWITCH,Switch,SWITCH Huawei,Huawei,39893680000155,2026-08-11,5371.00
12832491,5522,SWITCH,Switch,SWITCH Huawei,Huawei,39893680000155,2026-08-11,7300.00
12833781,6661,MICROCOMPUTADOR,Desktop,MICROCOMPUTADOR dv,dv,53640283000100,2026-09-14,5997.00
12836269,6661,MICROCOMPUTADOR,Desktop,MICROCOMPUTADOR proprio / proprio,proprio / proprio,17215437000145,2026-09-08,4900.00
12836392,10293,SERVIDOR,Servidor,SERVIDOR DATEN,DATEN,04602789000101,2026-08-17,135000.00
12836393,10293,SERVIDOR,Servidor,SERVIDOR TECZAP,TECZAP,08619872000144,2026-08-17,205000.00
12837640,6669,MONITOR COMPUTADOR,Monitor,MONITOR COMPUTADOR dell,dell,53863943000104,2026-08-11,1117.00
12845890,6669,MONITOR COMPUTADOR,Monitor,MONITOR COMPUTADOR LG,LG,07953689000118,2026-08-31,1136.50
12845891,6669,MONITOR COMPUTADOR,Monitor,MONITOR COMPUTADOR Dell,Dell,15733417000130,2026-08-31,1752.66
12846000,8435,NOTEBOOK,Notebook,NOTEBOOK positivo,positivo,47174031000122,2026-09-17,4578.96
12846202,5522,SWITCH,Switch,SWITCH TP-Link,TP-Link,46670645000132,2026-09-08,248.00
12846444,5522,SWITCH,Switch,SWITCH INTELBRAS,INTELBRAS,24120157000119,2026-08-31,1930.65
12846451,5522,SWITCH,Switch,SWITCH INTELBRAS,INTELBRAS,08970787000126,2026-08-31,1800.00
12846458,5522,SWITCH,Switch,SWITCH INTELBRAS,INTELBRAS,24120157000119,2026-08-31,1900.00
12846465,5522,SWITCH,Switch,SWITCH INTELBRAS,INTELBRAS,24120157000119,2026-08-31,1930.65
12846472,5522,SWITCH,Switch,SWITCH INTELBRAS,INTELBRAS,24120157000119,2026-08-31,1038.03
12846479,5522,SWITCH,Switch,SWITCH INTELBRAS,INTELBRAS,24120157000119,2026-08-31,1930.65
12846486,5522,SWITCH,Switch,SWITCH INTELBRAS,INTELBRAS,24120157000119,2026-08-31,1890.00
12846493,5522,SWITCH,Switch,SWITCH INTELBRAS,INTELBRAS,24120157000119,2026-08-31,1900.00
12846500,5522,SWITCH,Switch,SWITCH INTELBRAS,INTELBRAS,24120157000119,2026-08-31,1930.00
12846507,5522,SWITCH,Switch,SWITCH INTELBRAS,INTELBRAS,24120157000119,2026-08-31,1900.00
12846514,5522,SWITCH,Switch,SWITCH INTELBRAS,INTELBRAS,24120157000119,2026-08-31,1390.00
12847429,5522,SWITCH,Switch,SWITCH TENDA,TENDA,53278020000195,2026-09-20,495.00
12847455,8435,NOTEBOOK,Notebook,NOTEBOOK Conforme Tr,Conforme Tr,44081615000165,2026-09-16,9999.00
12855970,5522,SWITCH,Switch,SWITCH Switch,Switch,32492248000103,2026-09-28,1470.00
12857168,5522,SWITCH,Switch,SWITCH TR,TR,16677622000199,2026-07-23,4200.00
12859726,6669,MONITOR COMPUTADOR,Monitor,MONITOR COMPUTADOR AOC 24E3UF,AOC 24E3UF,47174031000122,2026-09-14,973.00
12859727,6661,MICROCOMPUTADOR,Desktop,MICROCOMPUTADOR Conforme Tr,Conforme Tr,44081615000165,2026-09-14,7202.00
12861739,10293,SERVIDOR,Servidor,SERVIDOR HPE/HPE,HPE/HPE,03820167000359,2026-08-10,146655.00
12861980,8435,NOTEBOOK,Notebook,NOTEBOOK positivo,positivo,42663698000175,2026-09-07,3114.00
12862069,8435,NOTEBOOK,Notebook,NOTEBOOK TR,TR,68592895000134,2026-09-10,4516.38
12869100,10293,SERVIDOR,Servidor,SERVIDOR HPE,HPE,47889393000108,2026-09-02,113900.00
12869498,5522,SWITCH,Switch,SWITCH HUAWEI,HUAWEI,63464839000109,2026-07-23,2729.00
12869530,8435,NOTEBOOK,Notebook,NOTEBOOK Notebook,Notebook,54494997000102,2026-09-14,4000.00
12871873,6661,MICROCOMPUTADOR,Desktop,MICROCOMPUTADOR Positivo,Positivo,30948812000124,2026-07-21,5200.00
12872605,5522,SWITCH,Switch,SWITCH Marca Genérica Modelo 4K HDMI SWITCH Tipo de cabo,Marca Genérica Modelo 4K HDMI SWITCH Tipo de cabo,37630109000112,2026-07-26,189.00
12872641,237,ROTEADOR,Roteador,ROTEADOR MikroTik,MikroTik,50983977000144,2026-09-09,537.00
12873313,5522,SWITCH,Switch,SWITCH BDCOM,BDCOM,32149829000147,2026-08-26,2198.00
12873823,6661,MICROCOMPUTADOR,Desktop,MICROCOMPUTADOR Conforme Tr,Conforme Tr,44081615000165,2026-09-14,6460.00
12874332,10293,SERVIDOR,Servidor,SERVIDOR TECZAP,TECZAP,08619872000144,2026-08-31,132000.00
12874367,8435,NOTEBOOK,Notebook,NOTEBOOK DELL,DELL,24838277000156,2026-08-19,7400.00
12874368,19246,TABLET,Tablet,TABLET Samsung,Samsung,59892005000119,2026-08-19,3890.00
12889824,8435,NOTEBOOK,Notebook,NOTEBOOK dell,dell,59648072000192,2026-10-01,5170.00
12892684,8435,NOTEBOOK,Notebook,NOTEBOOK RENOMADA,RENOMADA,62461036000120,2026-09-21,3340.00
12894913,6661,MICROCOMPUTADOR,Desktop,MICROCOMPUTADOR Conforme TR,Conforme TR,61077506000193,2026-09-14,6390.00
12895794,6669,MONITOR COMPUTADOR,Monitor,MONITOR COMPUTADOR WHALE ELECTRONICS,WHALE ELECTRONICS,44562943000264,2026-09-08,542.00
12896720,19246,TABLET,Tablet,TABLET Samsung,Samsung,17590881000302,2026-08-30,2100.00
12896723,6669,MONITOR COMPUTADOR,Monitor,MONITOR COMPUTADOR DATEN,DATEN,04602789000101,2026-09-10,715.00
12896934,5522,SWITCH,Switch,SWITCH H3C,H3C,07500596000138,2026-08-16,26500.00
12897003,19246,TABLET,Tablet,TABLET TABLET,TABLET,42663698000175,2026-08-18,3200.00
12897004,8435,NOTEBOOK,Notebook,NOTEBOOK Notebook,Notebook,48595376000112,2026-08-18,3830.00
12897883,8435,NOTEBOOK,Notebook,NOTEBOOK ACER GO I5,ACER GO I5,10868068000140,2026-09-23,5398.00
